address,lat,lng
新中西里26号,116.438341,116.438341
长辛店杜家坎集美家居1层,116.211257,116.211257
长阳镇篱笆园南路10号院10号楼1层,116.184314,116.184314
小营西路16号毛纺城市场1层,116.336093,116.336093
古城南里甲5号1栋,116.19172,116.19172
平翔路9号A18幢鑫海韵通大卖场1层,117.123509,117.123509
西坝河东里18号三元大厦1层,116.447204,116.447204
新城商厦1层,116.565771,116.565771
温泉路与白家疃东路交叉口,116.188972,116.188972
复兴路12号2层(军事博物馆对面),116.324433,116.324433
安定门外大街183-7号,116.407708,116.407708
府学路29号阳光商厦(燕平路)F1层,116.243373,116.243373
旧宫地铁站旁北京住总万科广场2层,116.459701,116.459701
沙河镇巩华城大街67号,116.268943,116.268943
丰葆路88号永旺梦乐城1-2层,116.29231,116.29231
华清嘉园7号楼,116.333588,116.333588
兴丰大街62号,116.340038,116.340038
双营西路78号院1号楼1层,116.291062,116.291062
四惠公交枢纽2层,116.496071,116.496071
[],116.462342,116.462342
新南路60号,116.858917,116.858917
宣武门西大街18国华商场1层,116.364118,116.364118
[],116.597148,116.597148
九棵树西路48号阳光新生活广场F1层,116.656523,116.656523
府前街14号,116.631905,116.631905
海户西里甲2号,116.388092,116.388092
西单北大街130号华威商场B1层,116.374266,116.374266
府前街31号,117.112246,117.112246
海淀南路甲2号东润商厦,116.317169,116.317169
回龙观永旺(国际商城店)永旺三楼停车场北进出口,116.289002,116.289002
云岗路180号物美大卖场1层,116.163973,116.163973
方庄南路2号,116.439182,116.439182
朝阳北路常营丽景园1号配套商业6号楼,116.613299,116.613299
劲松二区208号院4-2,116.45584,116.45584
窦店镇大窦路万科幸福汇257号院甲1号,116.068616,116.068616
崇文门外大街3-5号新世界百货崇文店综合馆F1层,116.41811,116.41811
王府井大街138号新东安1号楼APM2层,116.41158,116.41158
卧龙环岛西南角MOMA商区一层,116.639109,116.639109
复兴路29-33号翠微百货翠微店A座1F层,116.303663,116.303663
田村路43号京粮广场一期二段1层,116.253777,116.253777
东四北大街乙528号,116.417709,116.417709
门头沟路11号院1号商业楼1-01/2-01a,116.097275,116.097275
左安路十里河文化园一层,116.457652,116.457652
滨河路20号,116.108663,116.108663
延庆镇高塔街67号1F-03商铺,115.983417,115.983417
双峪路35号院1号楼物美大卖场1层1003号,116.113749,116.113749
北七家镇定泗路与立汤路交叉口,116.413835,116.413835
清苑路华贸天地1层,116.433205,116.433205
广安门内大街甲306-4号(白广路北口综合楼1号),116.358344,116.358344
香山北辛村58号1-2层,116.204385,116.204385
阜成门外大街2号万通新世界1层,116.353685,116.353685
草桥欣园1区5号楼,116.358998,116.358998
阳光街430号103-104,116.836876,116.836876
北清路1号院8号楼,116.286753,116.286753
[],116.517318,116.517318
昌金路赵全营段299号院4号楼1层,116.513968,116.513968
丽苑街23号,116.562873,116.562873
长阳路5号-1,116.218269,116.218269
小营路17号一层A1号二层B1号商铺,116.423774,116.423774
广安路1幢B1层1392-1402号,116.321038,116.321038
东坝中路金隅嘉品mallB1层B1-23、B1-25、B1-26a号,116.547779,116.547779
海淀大街3号鼎好大厦B座1层,116.314026,116.314026
思邈路2号院3号楼天宫院地铁C口,116.320474,116.320474
东三环中路65号北京富力广场购物中心B1层143,116.460814,116.460814
西大街1号美廉美超市1层,115.984068,115.984068
东打磨厂街7号新活馆1层,116.412544,116.412544
高井朝阳路69号财满街财经中心,116.532751,116.532751
闵庄路3号,116.257532,116.257532
欣宁街15号北京荟聚西红门购物中心L3层1-03-19-R,116.327712,116.327712
九棵树西路182号,116.639963,116.639963
西直门外大街112号F1-F2层,116.345926,116.345926
太阳宫中路12号凯德MALL1层01-10A-12、2层02-08,116.448259,116.448259
双桥东路西侧管庄乡新村D区2号楼2室,116.601181,116.601181
农大南路万霖大厦88号,116.300577,116.300577
东直门外大街48号银座百货一层底商,116.435689,116.435689
枣园路天键广场C座109号,116.315011,116.315011
西单横二条59号高登大厦B1层,116.375763,116.375763
方庄芳城园3区16号楼,116.43567,116.43567
迎宾环岛西北角BHG Mall北京华联平谷购物中心1层,117.094876,117.094876
郑各庄村东水城文化街B-5号,116.373228,116.373228
信息路甲28号科实大厦A座1层,116.311526,116.311526
云景东路2号And淘宝城一层,116.668957,116.668957
五棵松下沉广场B1层078号,116.277546,116.277546
复兴门内大街101号百盛购物中心复兴门店南楼F1层,116.357921,116.357921
北沙滩桥1号红星美凯龙1层,116.370409,116.370409
湖景东路9号新奥购物中心B1层H1-42,116.396647,116.396647
回龙观育知东路30号院5号楼BHG Mall北京华联同成街购物中心1层,116.338173,116.338173
莲香园小区1号楼B区广亨商场1层,116.302411,116.302411
大栅栏街41号1-3层,116.394794,116.394794
祁家豁子甲2号(近清香阁),116.380677,116.380677
芳菲路万芳园一区1号楼1层,116.320405,116.320405
天竺镇榆阳路8号欧陆时尚购物中心1层,116.547966,116.547966
虎坊路21-15号,116.384551,116.384551
巴沟路2号(近地铁10号线巴沟站)BHG Mall北京华联万柳购物中心F1层F120,116.29451,116.29451
黄村镇兴华大街27号,116.331873,116.331873
欣清南院2号院1号楼1层101-102,116.347182,116.347182
东高地万源西里36栋甲44栋综合服务中心,116.423015,116.423015
复兴路42号,116.254954,116.254954
慧忠北里302-1号,116.407359,116.407359
康定街18号院3号,116.538902,116.538902
管庄路鑫兆佳园15号楼1层,116.590176,116.590176
志新路10号物美大卖场1层,116.368617,116.368617
西三旗沁春家园,116.335891,116.335891
马连道路25号新年华购物中心1-2层,116.326114,116.326114
亦庄第二生活区马驹桥凉水河桥南,116.545243,116.545243
长阳镇哑叭河村加州水郡西区218-18号,116.164861,116.164861
宋庄路71号,116.427369,116.427369
朝阳北路175-1号,116.479986,116.479986
安慧里二区5号楼1层,116.408124,116.408124
农光东里34号天客隆商务大厦A座1层,116.46819,116.46819
西三环北洼路乙32号华普超市1层,116.302712,116.302712
北清路88-1,116.233345,116.233345
学院路29号,116.352555,116.352555
广顺北大街19号六佰本商业街北区1层,116.466975,116.466975
南四环中路城南嘉园益城园16号楼1层,116.369231,116.369231
杏石口路63号,116.229469,116.229469
石景山路18号万达广场1层,116.226184,116.226184
良乡西潞南大街甲1号楼美丫美百货,116.136755,116.136755
槐房西路316号院26号楼-1,116.36744,116.36744
次渠大街98号百发隆商场1层,116.578547,116.578547
良乡拱辰大街181号,116.141784,116.141784
三间房双桥路3号东星时尚文化广场1层,116.576344,116.576344
金蝉西路欢乐园2号院甲1号,116.50065,116.50065
永兴路7号院1号楼北京龙湖大兴天街F1层,116.321066,116.321066
朝阳北路17号BHG Mall北京华联常营购物中心F1层F1-12,116.598975,116.598975
迎宾中路15号,116.63706,116.63706
远大路1号世纪金源购物中心西区1F层北1080A,116.287879,116.287879
工人体育场东路13号楼2门蓝岛大厦对面,116.449395,116.449395
学清路10号院1号楼学清嘉创大厦A座1层102号,116.353049,116.353049
丰管路甲3号亿潼隆丰益购物中心1层A1号,116.302078,116.302078
东方东路19号5号楼B110号,116.4642,116.4642
亦庄经济开发区地盛北街1号院40号楼等5撞地下一层,116.495548,116.495548
望京街9号万科时代中心C座1层102号,116.484526,116.484526
长政南街1号院1号楼1层,116.213238,116.213238
姚家园路活力东方广场西馆1层,116.521367,116.521367
东三环南路农光里117号劲松大厦B1层,116.461962,116.461962
灯市口大街33-1号,116.414859,116.414859
潘家园松榆北路2号楼,116.461852,116.461852
定福庄北里1号,116.562164,116.562164
回龙观镇三合庄村美廉美1层(回龙观西大街99、龙华园对面),116.323014,116.323014
永定门外大街101号百荣世贸商城A区2层,116.398901,116.398901
香山南路105号启迪香山1-2层107B、108、208-201号,116.204041,116.204041
站前街1号隆华购物中心F1层,116.65072,116.65072
忠凉路1号院1号楼万科广场二层,116.460407,116.460407
梅市口路12号院1号楼1层1001号,116.270925,116.270925
红居街10号院3号北侧,116.339757,116.339757
三里屯路19号三里屯太古里南区B1层SLG-20,116.454722,116.454722
和平里6区8号楼1层109-2号,116.424809,116.424809
新街口北大街3号新街高和106A,116.371561,116.371561
石榴庄西街232号联宏海鲜市场,116.414226,116.414226
三里河路17号甘家口百货B1层,116.333493,116.333493
酒仙桥路甲4号3号楼宏源大厦2层,116.490356,116.490356
西大望路15号外企大厦5号楼1层,116.477063,116.477063
东三环南路102-13号,116.459847,116.459847
甜水园街甜水园北里16号楼B1层,116.478782,116.478782
东直门外大街39号东直门交通枢纽1层,116.435603,116.435603
百子湾路15号,116.497684,116.497684
新街口外大街甲18号1-2层,116.371639,116.371639
西红门镇瑞海家园1区1号楼,116.329295,116.329295
八里庄东里1号莱锦1号,116.497969,116.497969
复兴路69号蓝色港湾购物中心(五棵松店)B1层,116.28053,116.28053
花家地北里1号,116.469535,116.469535
农展南路11号楼,116.465542,116.465542
广渠门内大街80号通正大厦2层,116.428739,116.428739
交道口东大街113号,116.409327,116.409327
月坛南街32-1号,116.340672,116.340672
双榆树西里7号,116.325327,116.325327
新街口外大街19号北京师范大学励耘学苑1层,116.370224,116.370224
王府井大街200号工美大厦1层,116.411675,116.411675
学院路甲38号长城电脑大厦内(近花园北路),116.355576,116.355576
高梁桥路上园村甲4号1号楼1层、B1层,116.342178,116.342178
鼓楼南街20号建筑物1号,116.234098,116.234098
朝阳公园路6号蓝色港湾国际商区2号楼2层,116.476825,116.476825
民族园路2号唐人街购物广场1层,116.390233,116.390233
王府井大街88号银泰B1层麦当劳,116.411715,116.411715
右安门外大街1-2号,116.36383,116.36383
上地十街辉煌大厦1号楼1-2层,116.302645,116.302645
南苑西路39号万达广场1F层1001A,116.367114,116.367114
亦庄经海二路远洋天著C5商业楼一层B101、二层B201,116.52112,116.52112
红莲南路6号院红莲南里6号,116.338864,116.338864
东四环南路9号北京亮都广场C区1012号,116.485852,116.485852
知春路59号海关大厦2层,116.3341,116.3341
中关村南大街16号,116.323787,116.323787
政通路2号院,116.147715,116.147715
文化园西路8号院林肯公园,116.490426,116.490426
[],116.345899,116.345899
朝外大街昆泰国际中心2728,116.441259,116.441259
三间房东路1号39栋,116.582688,116.582688
颐和园208号龙湖星悦荟商业楼1层L1-11-15号,116.289944,116.289944
安立路3号1幢1层106,116.410989,116.410989
朝阳路十里堡乙2号新城市广场F2层,116.504613,116.504613
新华大街171号,116.644542,116.644542
地铁5号线天通苑站,116.41282,116.41282
回龙观西大街北侧北店时代广场C段1层,116.336031,116.336031
芦花路1号院(公交驾校对面),116.286706,116.286706
旧鼓楼大街47号1、B1层,116.393731,116.393731
天坛东路46号红桥市场B1层,116.420456,116.420456
海淀大街甲36号鄂尔多斯1层,116.307045,116.307045
万泉河路(北京城乡仓储大超市旁),116.306716,116.306716
阜成路19号(近海军总医院),116.317523,116.317523
国创产业园1号楼1层,116.452896,116.452896
潞苑南大街166号,116.693357,116.693357
上地东二路上地佳园34号(近上地城铁),116.318098,116.318098
四环西路1号创新大厦1层,116.285926,116.285926
丰台北路甲79号华堂商场2层,116.293856,116.293856
金星西路3号绿地缤纷城B1层,116.334061,116.334061
毛家湾胡同甲13号北京站F2层,116.427374,116.427374
毛家湾胡同甲13号北京站进站大厅2层,116.428027,116.428027
怡乐中路299号院1号楼1层102,116.634998,116.634998
前屯路西小口悦茂商城一层,116.349216,116.349216
北三环中路14号-1,116.384945,116.384945
安定路5号院6号楼环宇荟B1层,116.406282,116.406282
裕民大街36号1层1004号,116.54195,116.54195
建国门外大街24号,116.439034,116.439034
前门西大街正阳市场2号,116.394252,116.394252
南三环东路23号1号楼1层及1层地下商场02-1号,116.427039,116.427039
[],116.579268,116.579268
兴华大街2号,116.331002,116.331002
[],116.285242,116.285242
湖光北街9号旺角购物广场1层,116.46355,116.46355
北京世园公园园艺小镇内,115.954329,115.954329
莲花池东路118号北京西站F2层T1-1、T-38,116.321434,116.321434
黄土店黄平路19号院泰华龙旗广场3号商业楼龙旗购物中心1层,116.346554,116.346554
秋实街1号易事达广场1层,116.421746,116.421746
来广营东路11号,116.509669,116.509669
长阳镇京良路南悦盛路1号6号院奥特莱斯商业中心B1-05,116.185901,116.185901
石园南大街18号院-4室,116.666473,116.666473
国家体育场南路1栋1号,116.395401,116.395401
贯通路东侧18号隆华奥特莱斯1层,116.642078,116.642078
羊坊店路21号,116.319827,116.319827
樊家村辛庄88号院1号楼111,116.319973,116.319973
酒仙桥路18号颐堤港L3层L3-59,116.491993,116.491993
枣营南里10号楼,116.471068,116.471068
亚奥北苑路甲13号上品1-2层,116.417404,116.417404
翠微路12号嘉茂购物中心2层,116.302867,116.302867
北三环东路22号,116.42399,116.42399
太平庄东路天通苑东苑东三区2号楼国泰百货1层,116.435883,116.435883
铭泽生活广场1层,116.476992,116.476992
西四环南路70号1层,116.283531,116.283531
机场西路北京首都国际机场2号航站楼1层,116.593391,116.593391
南环路10院1号楼悦荟万科商城B1层,116.238745,116.238745
安立路68号太阳飘亮购物中心1层A-7区内007铺,116.408581,116.408581
永外车站路12号北京南站B1层,116.380031,116.380031
永外车站路12号北京南站B1层,116.377483,116.377483
莲花池东路118号北京西站B1层,116.320791,116.320791
莲花池东路118号北京西站F3层,116.321076,116.321076
九棵树中街9号京通罗斯福广场B1层B01-02,116.65936,116.65936
生命园路4号院4号楼1层101商铺,116.268622,116.268622
开阳路北京火车南站高架1层A203,116.377977,116.377977
首都机场路2号航站楼F2层,116.593787,116.593787
鼓楼南街6号佳莲时代广场1层1A-01室,116.234109,116.234109
首都国际机场中心广场东侧3号航站楼A区2层,116.617664,116.617664
北京南站B1层,116.380332,116.380332
鼓楼南大街3号燕赛奥特莱斯购物中心F1层,116.845348,116.845348
北京南站B1层南进口东南南侧F139、F140、F141-A、F141-B号,116.380379,116.380379
永外大街12号北京南站B1层地铁北出口北侧,116.377732,116.377732
九棵树西路48号阳光新生活广场F1层,116.656405,116.656405
万源北路与万源路交叉口万源广场2层,116.42387,116.42387
安慧里二区5号楼1层,116.408085,116.408085
欣宁街15号北京荟聚西红门购物中心L3层,116.327594,116.327594
阜石路61号,116.238607,116.238607
金沟河路与采石北路交汇处,116.260342,116.260342
苹果园南路9号乐活美食汇1层,116.198498,116.198498
天竺镇裕翔路88号新国展2层,116.548991,116.548991
